{
    "f1": 0.5219298245614035,
    "roc_auc": 0.8415570175438597
}