{
    "f1": 0.562874251497006,
    "roc_auc": 0.8591063340257342
}